Workbook
Name Slicer_Age_group: #N/A
Name Slicer_Department: #N/A
Name Slicer_Doctor_ID: #N/A
Name Slicer_Gender: #N/A
Name Slicer_Treatment_Success: #N/A

Sheet Documentation
B1: =UPPER("Healthcare Performance Analysis Dashboard using Excel") -> HEALTHCARE PERFORMANCE ANALYSIS DASHBOARD USING EXCEL
B3: Project Overview
B5: This project focuses on analyzing a healthcare dataset using Microsoft Excel. The goal is to understand patient trends, department performance, and revenue patterns through an interactive dashboard.
B9: Objective
B11: 1.Analyze patient distribution across departments
B13: 2.Identify departments with long hospital stays
B15: 3.Compare revenue performance
B17: 4.Study patient demographics such as gender
B19: 5.Provide insights that can help improve hospital efficiency
B23: Dataset Description
B25: The dataset contains patient details including department, gender, length of stay, and revenue. It represents hospital admission and discharge data.
B29: Tools Used
B31: 1.Microsoft Excel
... B73: This Excel dashboard helps identify performance gaps and improvement areas in hospital operations. The insights can support better decision-making and resource optimization.

Sheet  Healthcare Analytics Data
A1: Patient_ID | B1: Age | C1: Gender | D1: Department | E1: Doctor_ID | F1: Admission_Date | G1: Discharge_Date | H1: Bed_ID | I1: Procedure | J1: Treatment_Success | K1: Billing_Amount
A2: P0001 | B2: 4 | C2: Female | D2: Orthopedics | E2: D08 | F2: 45619 | G2: 45621 | H2: 72 | I2: Surgery | J2: Yes | K2: 159794
A3: P0002 | B3: 4 | C3: Male | D3: Orthopedics | E3: D08 | F3: 45508 | G3: 45509 | H3: 259 | I3: Surgery | J3: Yes | K3: 192700
A4: P0003 | B4: 70 | C4: Female | D4: Orthopedics | E4: D15 | F4: 45624 | G4: 45636 | H4: 143 | I4: Surgery | J4: Yes | K4: 188013
A5: P0004 | B5: 36 | C5: Male | D5: Orthopedics | E5: D25 | F5: 45508 | G5: 45514 | H5: 173 | I5: Surgery | J5: Yes | K5: 104595
A6: P0005 | B6: 45 | C6: Female | D6: Cardiology | E6: D24 | F6: 45341 | G6: 45347 | H6: 236 | I6: Surgery | J6: No | K6: 25656
A7: P0006 | B7: 81 | C7: Female | D7: Pediatrics | E7: D07 | F7: 45574 | G7: 45579 | H7: 36 | I7: Surgery | J7: Yes | K7: 80861
A8: P0007 | B8: 30 | C8: Male | D8: General | E8: D09 | F8: 45332 | G8: 45346 | H8: 233 | I8: Medication | J8: Yes | K8: 102040
A9: P0008 | B9: 86 | C9: Female | D9: Cardiology | E9: D20 | F9: 45473 | G9: 45477 | H9: 88 | I9: Therapy | J9: Yes | K9: 126178
A10: P0009 | B10: 82 | C10: Male | D10: Neurology | E10: D25 | F10: 45486 | G10: 45491 | H10: 29 | I10: Therapy | J10: Yes | K10: 87694
A11: P0010 | B11: 9 | C11: Male | D11: Pediatrics | E11: D23 | F11: 45497 | G11: 45502 | H11: 162 | I11: Therapy | J11: No | K11: 108712
A12: P0011 | B12: 19 | C12: Female | D12: Orthopedics | E12: D08 | F12: 45621 | G12: 45629 | H12: 288 | I12: Medication | J12: No | K12: 157969
A13: P0012 | B13: 29 | C13: Male | D13: Pediatrics | E13: D16 | F13: 45496 | G13: 45502 | H13: 47 | I13: Surgery | J13: Yes | K13: 45066
... A1001: P1000 | B1001: 79 | C1001: Female | D1001: Orthopedics | E1001: D16 | F1001: 45508 | G1001: 45517 | H1001: 11 | I1001: Diagnostics | J1001: No | K1001: 26818

Sheet Dashboard
B1: DASHBOARD
M34: KPI DASHBOARD
M35: 1 | N35: TOTOL PATIENTS IN 2024 | X35: 1001 | Y35: PATIENTS
M37: 2 | N37: TOTOL REVENUE | X37: 104068467 | Y37: RUPPESS
M39: 3 | N39: AVE LENGTH OF STAY | X39: 7.951 | Y39: DAYS
M41: 4 | N41: TREATMENT SUCCESS RATE | X41: 0.722
M43: 5 | N43: AVERAGE BILLING AMOUMT | X43: 104068.47 | Y43: RUPPESS

Sheet KPIs
B1: KPI DASHBOARD
B2: 1 | C2: . TOTAL PATIENTS IN 2024 | H2: =COUNTA('Cleaned & Processed Data'!A:A) -> 1001 | I2: PERSONS
B4: 2 | C4: . TOTAL REVENUE | H4: =SUM('Cleaned & Processed Data'!N:NO) -> 104068467 | I4: RUPPESS
B6: 3 | C6: . AVERAGE LENGTH OF STAY | H6: =AVERAGE('Cleaned & Processed Data'!I:I) -> 7.951 | I6: DAYS
B8: 4 | C8: . TREATMENT SUCCESS RATE | H8: =AVERAGE('Cleaned & Processed Data'!M:M) -> 0.722
B10: 5 | C10: . AVERAGE BILLING AMOUMT | H10: =AVERAGE(('Cleaned & Processed Data'!N:NO)) -> 104068.47 | I10: RUPPESS

Sheet Insights
B1: INSIGHTS
B2: 1. Cardiology has the highest average length of stay
B4: 2. Cardiology generates lower revenue per bed-day
B6: 3. Male patients form the majority of admissions
B8: 4. Female patients are underrepresented
B10: 5. Certain age groups drive most admissions
B12: 6. Bed occupancy varies significantly across departments
B14: 7. Opportunity to reduce LOS and improve revenue via process optimization

Sheet Cleaned & Processed Data
A1: Patient_ID | B1: Age | C1: Age Group | D1: Gender | E1: Department | F1: Doctor_ID | G1: Admission_Date | H1: Discharge_Date | I1: Length of Stay | J1: Bed_ID | K1: Procedure | L1: Treatment_Success | M1: Treatment Success Rate | N1: Billing_Amount
A2: P0001 | B2: 4 | C2: =_xlfn.IFS(Table3[[#This Row],[Age]]<=10, "Child",Table3[[#This Row],[Age]]<18, "Teenger", Table3[[#This Row],[Age]]<30, "Middle Age", Table3[[#This Row],[Age]]< 60,"Adult",Table3[[#This Row],[Age]],"Senior Citizen") -> Child | D2: Female | E2: Orthopedics | F2: D08 | G2: 45619 | H2: 45621 | I2: =Table3[[#This Row],[Discharge_Date]]-Table3[[#This Row],[Admission_Date]] -> 2 | J2: 72 | K2: Surgery | L2: Yes | M2: =IF(Table3[[#This Row],[Treatment_Success]]="Yes",1,0) -> 1 | N2: 159794
A3: P0002 | B3: 4 | C3: =_xlfn.IFS(Table3[[#This Row],[Age]]<=10, "Child",Table3[[#This Row],[Age]]<18, "Teenger", Table3[[#This Row],[Age]]<30, "Middle Age", Table3[[#This Row],[Age]]< 60,"Adult",Table3[[#This Row],[Age]],"Senior Citizen") -> Child | D3: Male | E3: Orthopedics | F3: D08 | G3: 45508 | H3: 45509 | I3: =Table3[[#This Row],[Discharge_Date]]-Table3[[#This Row],[Admission_Date]] -> 1 | J3: 259 | K3: Surgery | L3: Yes | M3: =IF(Table3[[#This Row],[Treatment_Success]]="Yes",1,0) -> 1 | N3: 192700
A4: P0003 | B4: 70 | C4: =_xlfn.IFS(Table3[[#This Row],[Age]]<=10, "Child",Table3[[#This Row],[Age]]<18, "Teenger", Table3[[#This Row],[Age]]<30, "Middle Age", Table3[[#This Row],[Age]]< 60,"Adult",Table3[[#This Row],[Age]],"Senior Citizen") -> Senior Citizen | D4: Female | E4: Orthopedics | F4: D15 | G4: 45624 | H4: 45636 | I4: =Table3[[#This Row],[Discharge_Date]]-Table3[[#This Row],[Admission_Date]] -> 12 | J4: 143 | K4: Surgery | L4: Yes | M4: =IF(Table3[[#This Row],[Treatment_Success]]="Yes",1,0) -> 1 | N4: 188013
A5: P0004 | B5: 36 | C5: =_xlfn.IFS(Table3[[#This Row],[Age]]<=10, "Child",Table3[[#This Row],[Age]]<18, "Teenger", Table3[[#This Row],[Age]]<30, "Middle Age", Table3[[#This Row],[Age]]< 60,"Adult",Table3[[#This Row],[Age]],"Senior Citizen") -> Adult | D5: Male | E5: Orthopedics | F5: D25 | G5: 45508 | H5: 45514 | I5: =Table3[[#This Row],[Discharge_Date]]-Table3[[#This Row],[Admission_Date]] -> 6 | J5: 173 | K5: Surgery | L5: Yes | M5: =IF(Table3[[#This Row],[Treatment_Success]]="Yes",1,0) -> 1 | N5: 104595
A6: P0005 | B6: 45 | C6: =_xlfn.IFS(Table3[[#This Row],[Age]]<=10, "Child",Table3[[#This Row],[Age]]<18, "Teenger", Table3[[#This Row],[Age]]<30, "Middle Age", Table3[[#This Row],[Age]]< 60,"Adult",Table3[[#This Row],[Age]],"Senior Citizen") -> Adult | D6: Female | E6: Cardiology | F6: D24 | G6: 45341 | H6: 45347 | I6: =Table3[[#This Row],[Discharge_Date]]-Table3[[#This Row],[Admission_Date]] -> 6 | J6: 236 | K6: Surgery | L6: No | M6: =IF(Table3[[#This Row],[Treatment_Success]]="Yes",1,0) -> 0 | N6: 25656
A7: P0006 | B7: 81 | C7: =_xlfn.IFS(Table3[[#This Row],[Age]]<=10, "Child",Table3[[#This Row],[Age]]<18, "Teenger", Table3[[#This Row],[Age]]<30, "Middle Age", Table3[[#This Row],[Age]]< 60,"Adult",Table3[[#This Row],[Age]],"Senior Citizen") -> Senior Citizen | D7: Female | E7: Pediatrics | F7: D07 | G7: 45574 | H7: 45579 | I7: =Table3[[#This Row],[Discharge_Date]]-Table3[[#This Row],[Admission_Date]] -> 5 | J7: 36 | K7: Surgery | L7: Yes | M7: =IF(Table3[[#This Row],[Treatment_Success]]="Yes",1,0) -> 1 | N7: 80861
A8: P0007 | B8: 30 | C8: =_xlfn.IFS(Table3[[#This Row],[Age]]<=10, "Child",Table3[[#This Row],[Age]]<18, "Teenger", Table3[[#This Row],[Age]]<30, "Middle Age", Table3[[#This Row],[Age]]< 60,"Adult",Table3[[#This Row],[Age]],"Senior Citizen") -> Adult | D8: Male | E8: General | F8: D09 | G8: 45332 | H8: 45346 | I8: =Table3[[#This Row],[Discharge_Date]]-Table3[[#This Row],[Admission_Date]] -> 14 | J8: 233 | K8: Medication | L8: Yes | M8: =IF(Table3[[#This Row],[Treatment_Success]]="Yes",1,0) -> 1 | N8: 102040
A9: P0008 | B9: 86 | C9: =_xlfn.IFS(Table3[[#This Row],[Age]]<=10, "Child",Table3[[#This Row],[Age]]<18, "Teenger", Table3[[#This Row],[Age]]<30, "Middle Age", Table3[[#This Row],[Age]]< 60,"Adult",Table3[[#This Row],[Age]],"Senior Citizen") -> Senior Citizen | D9: Female | E9: Cardiology | F9: D20 | G9: 45473 | H9: 45477 | I9: =Table3[[#This Row],[Discharge_Date]]-Table3[[#This Row],[Admission_Date]] -> 4 | J9: 88 | K9: Therapy | L9: Yes | M9: =IF(Table3[[#This Row],[Treatment_Success]]="Yes",1,0) -> 1 | N9: 126178
A10: P0009 | B10: 82 | C10: =_xlfn.IFS(Table3[[#This Row],[Age]]<=10, "Child",Table3[[#This Row],[Age]]<18, "Teenger", Table3[[#This Row],[Age]]<30, "Middle Age", Table3[[#This Row],[Age]]< 60,"Adult",Table3[[#This Row],[Age]],"Senior Citizen") -> Senior Citizen | D10: Male | E10: Neurology | F10: D25 | G10: 45486 | H10: 45491 | I10: =Table3[[#This Row],[Discharge_Date]]-Table3[[#This Row],[Admission_Date]] -> 5 | J10: 29 | K10: Therapy | L10: Yes | M10: =IF(Table3[[#This Row],[Treatment_Success]]="Yes",1,0) -> 1 | N10: 87694
A11: P0010 | B11: 9 | C11: =_xlfn.IFS(Table3[[#This Row],[Age]]<=10, "Child",Table3[[#This Row],[Age]]<18, "Teenger", Table3[[#This Row],[Age]]<30, "Middle Age", Table3[[#This Row],[Age]]< 60,"Adult",Table3[[#This Row],[Age]],"Senior Citizen") -> Child | D11: Male | E11: Pediatrics | F11: D23 | G11: 45497 | H11: 45502 | I11: =Table3[[#This Row],[Discharge_Date]]-Table3[[#This Row],[Admission_Date]] -> 5 | J11: 162 | K11: Therapy | L11: No | M11: =IF(Table3[[#This Row],[Treatment_Success]]="Yes",1,0) -> 0 | N11: 108712
A12: P0011 | B12: 19 | C12: =_xlfn.IFS(Table3[[#This Row],[Age]]<=10, "Child",Table3[[#This Row],[Age]]<18, "Teenger", Table3[[#This Row],[Age]]<30, "Middle Age", Table3[[#This Row],[Age]]< 60,"Adult",Table3[[#This Row],[Age]],"Senior Citizen") -> Middle Age | D12: Female | E12: Orthopedics | F12: D08 | G12: 45621 | H12: 45629 | I12: =Table3[[#This Row],[Discharge_Date]]-Table3[[#This Row],[Admission_Date]] -> 8 | J12: 288 | K12: Medication | L12: No | M12: =IF(Table3[[#This Row],[Treatment_Success]]="Yes",1,0) -> 0 | N12: 157969
A13: P0012 | B13: 29 | C13: =_xlfn.IFS(Table3[[#This Row],[Age]]<=10, "Child",Table3[[#This Row],[Age]]<18, "Teenger", Table3[[#This Row],[Age]]<30, "Middle Age", Table3[[#This Row],[Age]]< 60,"Adult",Table3[[#This Row],[Age]],"Senior Citizen") -> Middle Age | D13: Male | E13: Pediatrics | F13: D16 | G13: 45496 | H13: 45502 | I13: =Table3[[#This Row],[Discharge_Date]]-Table3[[#This Row],[Admission_Date]] -> 6 | J13: 47 | K13: Surgery | L13: Yes | M13: =IF(Table3[[#This Row],[Treatment_Success]]="Yes",1,0) -> 1 | N13: 45066
... A1001: P1000 | B1001: 79 | C1001: =_xlfn.IFS(Table3[[#This Row],[Age]]<=10, "Child",Table3[[#This Row],[Age]]<18, "Teenger", Table3[[#This Row],[Age]]<30, "Middle Age", Table3[[#This Row],[Age]]< 60,"Adult",Table3[[#This Row],[Age]],"Senior Citizen") -> Senior Citizen | D1001: Female | E1001: Orthopedics | F1001: D16 | G1001: 45508 | H1001: 45517 | I1001: =Table3[[#This Row],[Discharge_Date]]-Table3[[#This Row],[Admission_Date]] -> 9 | J1001: 11 | K1001: Diagnostics | L1001: No | M1001: =IF(Table3[[#This Row],[Treatment_Success]]="Yes",1,0) -> 0 | N1001: 26818

Sheet Demographics
A1: DEMOGRAPHICS
A3: Row Labels | B3: Count of Patient_ID
A4: Female | B4: 0.46666667
A5: Male | B5: 0.53333333

Sheet Department Analysis
A1: DEPARTMENT ANALYSIS
A3: Row Labels | B3: Count of Patient_ID
A4: Cardiology | B4: 0.181
A5: General | B5: 0.207
A6: Neurology | B6: 0.198
A7: Orthopedics | B7: 0.188
A8: Pediatrics | B8: 0.226

Sheet Length of Stay
A1: LENGTH OF STAY
A3: Row Labels | B3: Average of Length of Stay
A4: Cardiology | B4: 1.0693954
A5: General | B5: 0.97274551
A6: Neurology | B6: 0.9642393
A7: Orthopedics | B7: 1.0034868
A8: Pediatrics | B8: 0.99781516

Sheet Treatment Success
A1: TREATMENT SUCCESS
A3: Row Labels | B3: Sum of Treatment Success Rate
A4: Cardiology | B4: 0.17313019
A5: General | B5: 0.2132964
A6: Neurology | B6: 0.19806094
A7: Orthopedics | B7: 0.17867036
A8: Pediatrics | B8: 0.23684211

Sheet Billing Analysis
A1: BILLING ANALYSIS
A3: Row Labels | B3: Sum of Billing_Amount
A4: Cardiology | B4: 0.18115104
A5: General | B5: 0.19774041
A6: Neurology | B6: 0.19696654
A7: Orthopedics | B7: 0.19508387
A8: Pediatrics | B8: 0.22905814

Sheet Procedure Analysis
A1: PROCEDURE ANALYSIS
A3: Row Labels | B3: Sum of Billing_Amount
A4: Diagnostics | B4: 0.24226828
A5: Medication | B5: 0.25282387
A6: Surgery | B6: 0.27836308
A7: Therapy | B7: 0.22654476
